S. No.,Vehicle Make & Model,High/Low Speed,Chassis Number,Vehicle ID,Driver ID,Battery ID,Battery Deployment Date,Zone ID,Retrofitment Location,USC ID
1,Evolet Polo,Low Speed,LCS5BAB55N9000933,EVP020,D146301,B708523,18/07/2025,NMV02,Noida,
2,Evolet Polo,Low Speed,LCS5BAB55N9000957,LCS5BAB55N9000957,D231228,B654748,28/11/2025,NMV02,Noida,"USC-2075"
3,Evolet Polo,Low Speed,LCS5BAB55N9000974,LCS5BAB55N9000974,D231235,B848143,29/11/2025,NMV02,Noida,"USC-3773"
4,Evolet Polo,Low Speed,LCS5BAB55N9001120,EVP010,D231360,B741181,05/12/2025,NMV02,Noida,"USC-1014"
5,Evolet Polo,Low Speed,LCS5BAB55N9001143,EVP004,D231361,B493913,05/12/2025,NMV02,Noida,"USC-1014"
6,Evolet Polo,Low Speed,LCS5BAB55N9001137,EVP023,D231362,B237003,05/12/2025,NMV02,Noida,"USC-1014"
7,IntuitEV & BANA EV,Low Speed,R6VA013COSL064085,INT038,D231458,B890806,10/12/2025,NMV02,Noida,USC-1895
8,IntuitEV & BANA EV,Low Speed,R6VA013COSL064088,INT039,D231459,B735553,10/12/2025,NMV02,Noida,USC-1895
9,IntuitEV & BANA EV,Low Speed,R6VA013COSL064102,INT040,D231460,B849072,10/12/2025,NMV02,Noida,USC-1895
10,IntuitEV & BANA EV,Low Speed,R6VA013COSL064243,INT041,D231461,B890733,10/12/2025,NMV02,Noida,USC-1895
11,IntuitEV & BANA EV,Low Speed,R6VA013COSL064245,INT042,D231462,B889080,10/12/2025,NMV02,Noida,USC-1895
12,IntuitEV & BANA EV,Low Speed,R6VA013COSL064253,INT043,D231463,B890312,10/12/2025,NMV02,Noida,USC-1895
13,IntuitEV & BANA EV,Low Speed,R6VA013COSL064258,INT044,D231464,B890957,10/12/2025,NMV02,Noida,USC-1895
14,IntuitEV & BANA EV,Low Speed,R6VA013COSL064289,INT045,D231465,B890166,10/12/2025,NMV02,Noida,USC-1895
15,IntuitEV & BANA EV,Low Speed,R6VA013COSL064291,INT046,D231466,B891312,10/12/2025,NMV02,Noida,USC-1895
16,IntuitEV & BANA EV,Low Speed,R6VA013COSL064411,INT047,D231467,B888572,10/12/2025,NMV02,Noida,USC-1895
17,IntuitEV & BANA EV,Low Speed,R6VA013COSL064427,INT048,D231468,B890878,10/12/2025,NMV02,Noida,USC-1895
18,IntuitEV & BANA EV,Low Speed,R6VA013COSL064447,INT049,D231469,B884167,10/12/2025,NMV02,Noida,USC-1895
19,IntuitEV & BANA EV,Low Speed,R6VA013COSL064512,INT050,D231470,B890241,10/12/2025,NMV02,Noida,USC-1895
20,IntuitEV & BANA EV,Low Speed,INDIA232475364,INT028,D231518,B405298,13/12/2025,NMV02,Noida,USC-1895
21,IntuitEV & BANA EV,Low Speed,INDIA232475369,INT029,D231519,B350245,13/12/2025,NMV02,Noida,USC-1895
22,IntuitEV & BANA EV,Low Speed,INDIA232475379,INT030,D231520,B424728,13/12/2025,NMV02,Noida,USC-1895
23,IntuitEV & BANA EV,Low Speed,INDIA232475380,INT031,D231521,B886033,13/12/2025,NMV02,Noida,USC-1895
24,IntuitEV & BANA EV,Low Speed,INDIA232475391,INT032,D231522,B886382,13/12/2025,NMV02,Noida,USC-1895
25,IntuitEV & BANA EV,Low Speed,INDIA232475428,INT033,D231523,B735844,13/12/2025,NMV02,Noida,USC-1895
26,IntuitEV & BANA EV,Low Speed,INDIA232475440,INT034,D231524,B552182,13/12/2025,NMV02,Noida,USC-1895
27,IntuitEV & BANA EV,Low Speed,INDIA232475727,INT035,D231525,B572363,13/12/2025,NMV02,Noida,USC-1895
28,IntuitEV & BANA EV,Low Speed,R6VA013COSL063295,INT036,D231526,B714345,13/12/2025,NMV02,Noida,USC-1895
29,IntuitEV & BANA EV,Low Speed,R6VA013COSL063819,INT037,D231527,B602848,13/12/2025,NMV02,Noida,USC-1895
30,IntuitEV & BANA EV,Low Speed,INDIA232475359,INT025,D231528,B453495,13/12/2025,NMV02,Noida,USC-1895
31,IntuitEV & BANA EV,Low Speed,INDIA232475362,INT026,D231529,B558724,13/12/2025,NMV02,Noida,USC-1895
32,IntuitEV & BANA EV,Low Speed,INDIA232475363,INT027,D231530,B475304,13/12/2025,NMV02,Noida,USC-1895
33,IntuitEV & BANA EV,Low Speed,AS2602623,INT012,D231654,B566275,16/12/2025,NMV02,Noida,USC-1895
34,IntuitEV & BANA EV,Low Speed,AS2602632,INT013,D231655,B887040,16/12/2025,NMV02,Noida,USC-1895
35,IntuitEV & BANA EV,Low Speed,AS2602685,INT014,D231656,B492232,16/12/2025,NMV02,Noida,USC-1895
36,IntuitEV & BANA EV,Low Speed,AS2602776,INT015,D231657,B480414,16/12/2025,NMV02,Noida,USC-1895
37,IntuitEV & BANA EV,Low Speed,AS2602781,INT016,D231658,B725313,16/12/2025,NMV02,Noida,USC-1895
38,IntuitEV & BANA EV,Low Speed,AS2602788,INT017,D231659,B677498,16/12/2025,NMV02,Noida,USC-1895
39,IntuitEV & BANA EV,Low Speed,INDIA232475249,INT018,D231660,B563817,16/12/2025,NMV02,Noida,USC-1895
40,IntuitEV & BANA EV,Low Speed,INDIA232475253,INT019,D231661,B59616,16/12/2025,NMV02,Noida,USC-1895
41,IntuitEV & BANA EV,Low Speed,INDIA232475318,INT020,D231662,B843265,16/12/2025,NMV02,Noida,USC-1895
42,IntuitEV & BANA EV,Low Speed,INDIA232475330,INT021,D231663,B661078,16/12/2025,NMV02,Noida,USC-1895
43,IntuitEV & BANA EV,Low Speed,INDIA232475337,INT022,D231664,B571528,16/12/2025,NMV02,Noida,USC-1895
44,IntuitEV & BANA EV,Low Speed,INDIA232475338,INT023,D231665,B557459,16/12/2025,NMV02,Noida,USC-1895
45,IntuitEV & BANA EV,Low Speed,INDIA232475358,INT024,D231666,B886807,16/12/2025,NMV02,Noida,USC-1895
46,IntuitEV & BANA EV,Low Speed,AS2602520,INT001,D231747,B637301,22/12/2025,NMV02,Noida,USC-1895
47,IntuitEV & BANA EV,Low Speed,AS2602528,INT002,D231748,B801831,22/12/2025,NMV02,Noida,USC-1895
48,IntuitEV & BANA EV,Low Speed,AS2602542,INT003,D231749,B799408,22/12/2025,NMV02,Noida,USC-1895
49,IntuitEV & BANA EV,Low Speed,AS2602546,INT004,D231750,B706473,22/12/2025,NMV02,Noida,USC-1895
50,IntuitEV & BANA EV,Low Speed,AS2602548,INT005,D231751,B879191,22/12/2025,NMV02,Noida,USC-1895
51,IntuitEV & BANA EV,Low Speed,AS2602549,INT006,D231752,B879147,22/12/2025,NMV02,Noida,USC-1895
52,IntuitEV & BANA EV,Low Speed,AS2602551,INT007,D231753,B809669,22/12/2025,NMV02,Noida,USC-1895
53,IntuitEV & BANA EV,Low Speed,AS2602600,INT008,D231754,B818249,22/12/2025,NMV02,Noida,USC-1895
54,IntuitEV & BANA EV,Low Speed,AS2602604,INT009,D231755,B652347,22/12/2025,NMV02,Noida,USC-1895
55,IntuitEV & BANA EV,Low Speed,AS2602607,INT010,D231756,B566428,22/12/2025,NMV02,Noida,USC-1895
56,IntuitEV & BANA EV,Low Speed,AS2602608,INT011,D231757,B731644,22/12/2025,NMV02,Noida,USC-1895
57,IntuitEV & BANA EV,Low Speed,HNO324842407072,INT051,D241987,B705032,29/12/2025,NMV02,Noida,USC-438
58,IntuitEV & BANA EV,Low Speed,HNO324842407001,INT052,D241988,B706413,29/12/2025,NMV02,Noida,USC-438
59,IntuitEV & BANA EV,Low Speed,HN324852407020,INT053,D241989,B762074,29/12/2025,NMV02,Noida,USC-438
60,IntuitEV & BANA EV,Low Speed,HNO324852407121,INT054,D241990,B654750,29/12/2025,NMV02,Noida,USC-438
61,IntuitEV & BANA EV,Low Speed,HN0324852407118,INT055,D241991,B902488,29/12/2025,NMV02,Noida,USC-438
62,IntuitEV & BANA EV,Low Speed,HN0324852407002,INT056,D241992,B706439,29/12/2025,NMV02,Noida,USC-438
63,IntuitEV & BANA EV,Low Speed,HN0324842407167,INT057,D241993,B799188,29/12/2025,NMV02,Noida,USC-438
64,IntuitEV & BANA EV,Low Speed,HN0324842407133,INT058,D241994,B754001,29/12/2025,NMV02,Noida,USC-438
65,IntuitEV & BANA EV,Low Speed,HN0324842407151,INT059,D241995,B888548,29/12/2025,NMV02,Noida,USC-438
66,IntuitEV & BANA EV,Low Speed,HN0324852407076,INT060,D241996,B478791,29/12/2025,NMV02,Noida,USC-438
67,IntuitEV & BANA EV,Low Speed,HN0324842407162,INT061,D241997,B607583,29/12/2025,NMV02,Noida,USC-438
68,IntuitEV & BANA EV,Low Speed,HN0324842407095,INT062,D241998,B677334,29/12/2025,NMV02,Noida,USC-438
69,IntuitEV & BANA EV,Low Speed,HN0324852407146,INT063,D241999,B818244,29/12/2025,NMV02,Noida,USC-438
70,IntuitEV & BANA EV,Low Speed,HN0324852407011,INT064,D242000,B817161,29/12/2025,NMV02,Noida,USC-438
71,IntuitEV & BANA EV,Low Speed,HN0324842407045,INT065,D242001,B683944,29/12/2025,NMV02,Noida,USC-438
72,IntuitEV & BANA EV,Low Speed,HNO324842407072,INT066,D242002,B733091,29/12/2025,NMV02,Noida,USC-438
73,Evolet Polo,Low Speed,LCS5BAB55N9000835,EVP007,D252702,B743638,04/02/2026,NMV02,Noida,USC-1014
74,Evolet Polo,Low Speed,LCS5BAB55N9001175,EVP001,D252703,B854720,04/02/2026,NMV02,Noida,USC-1014
75,Evolet Polo,Low Speed,LCS5BAB55N9000909,EVP002,D252704,B851649,04/02/2026,NMV02,Noida,USC-1014
76,Evolet Polo,Low Speed,LCS5BAB55N9000882,EVP014,D252705,B753036,04/02/2026,NMV02,Noida,USC-1014
77,Evolet Polo,Low Speed,LCS5BAB55N9000929,EVP013,D252706,B769718,04/02/2026,NMV02,Noida,USC-1014
78,Evolet Polo,Low Speed,LCS5BAB55N9001033,EVP011,D252707,B738016,04/02/2026,NMV02,Noida,USC-1014
79,Evolet Polo,Low Speed,LCS5BAB55N9001047,EVP033,D252708,B514898,04/02/2026,NMV02,Noida,USC-1014
80,Evolet Polo,Low Speed,LCS5BAB55N9000977,EVP026,D252709,B918833,04/02/2026,NMV02,Noida,USC-1014
81,Evolet Polo,Low Speed,LCS5BAB55N9000942,EVP012,D252710,B659079,04/02/2026,NMV02,Noida,USC-1014
82,Evolet Polo,Low Speed,LCS5BAB55N9000985,EVP032,D252711,B472294,04/02/2026,NMV02,Noida,USC-1014
83,Evolet Polo,Low Speed,LCS5BAB55N9001166,EVP027,D252712,B548842,04/02/2026,NMV02,Noida,USC-1014